{"cameraMode":{"drawMode":0,"name":"Shaded","section":"Shading Mode"},"sceneLighting":false,"audioPlay":false,"sceneViewState":{"m_AlwaysRefresh":false,"showFog":true,"showSkybox":false,"showFlares":true,"showImageEffects":true,"showParticleSystems":true,"showVisualEffectGraphs":true,"m_FxEnabled":true},"in2DMode":false,"pivot":{"x":177.86734008789063,"y":277.6293029785156,"z":-89.88391876220703},"rotation":{"x":0.07276622951030731,"y":0.007610811851918697,"z":-0.001098250737413764,"w":0.9962803721427918},"size":33.52912902832031,"orthographic":false}