{"cameraMode":{"drawMode":0,"name":"Shaded","section":"Shading Mode"},"sceneLighting":false,"audioPlay":false,"sceneViewState":{"m_AlwaysRefresh":false,"showFog":true,"showSkybox":false,"showFlares":true,"showImageEffects":true,"showParticleSystems":true,"showVisualEffectGraphs":true,"m_FxEnabled":true},"in2DMode":false,"pivot":{"x":-2.7060399055480959,"y":3.913243293762207,"z":-0.7852616310119629},"rotation":{"x":-0.035708002746105197,"y":0.5103048086166382,"z":-0.017962811514735223,"w":-0.8581445217132568},"size":1.0099505186080933,"orthographic":false}