{"cameraMode":{"drawMode":0,"name":"Shaded","section":"Shading Mode"},"sceneLighting":false,"audioPlay":false,"sceneViewState":{"m_AlwaysRefresh":false,"showFog":true,"showSkybox":false,"showFlares":true,"showImageEffects":true,"showParticleSystems":true,"showVisualEffectGraphs":true,"m_FxEnabled":true},"in2DMode":false,"pivot":{"x":-1.2400000095367432,"y":0.5304000377655029,"z":4.76837158203125e-7},"rotation":{"x":-0.10533194243907929,"y":-0.055501073598861697,"z":0.008386608213186264,"w":-0.9921032190322876},"size":0.8159117698669434,"orthographic":false}