{"cameraMode":{"drawMode":0,"name":"Shaded","section":"Shading Mode"},"sceneLighting":false,"audioPlay":false,"sceneViewState":{"m_AlwaysRefresh":false,"showFog":true,"showSkybox":false,"showFlares":true,"showImageEffects":true,"showParticleSystems":true,"showVisualEffectGraphs":true,"m_FxEnabled":true},"in2DMode":false,"pivot":{"x":1.0455102920532227,"y":0.6298070549964905,"z":8.986371040344239},"rotation":{"x":-0.0028034013230353595,"y":0.6337164640426636,"z":-0.00012321284157224,"w":0.7728483080863953},"size":0.745378851890564,"orthographic":false}