{"cameraMode":{"drawMode":0,"name":"Shaded","section":"Shading Mode"},"sceneLighting":false,"audioPlay":false,"sceneViewState":{"m_AlwaysRefresh":false,"showFog":true,"showSkybox":false,"showFlares":true,"showImageEffects":true,"showParticleSystems":true,"showVisualEffectGraphs":true,"m_FxEnabled":true},"in2DMode":false,"pivot":{"x":-2.696477174758911,"y":0.9347437620162964,"z":-9.991189002990723},"rotation":{"x":0.030853865668177606,"y":-0.9678000807762146,"z":0.13491567969322205,"w":0.20763126015663148},"size":1.2203247547149659,"orthographic":false}