{"cameraMode":{"drawMode":0,"name":"Shaded","section":"Shading Mode"},"sceneLighting":false,"audioPlay":false,"sceneViewState":{"m_AlwaysRefresh":false,"showFog":true,"showSkybox":false,"showFlares":true,"showImageEffects":true,"showParticleSystems":true,"showVisualEffectGraphs":true,"m_FxEnabled":true},"in2DMode":false,"pivot":{"x":-1.833141565322876,"y":1.875420093536377,"z":-5.340366363525391},"rotation":{"x":-0.04855725169181824,"y":0.007376437075436115,"z":-0.001511922338977456,"w":0.9982407689094544},"size":0.7066329717636108,"orthographic":false}