{"cameraMode":{"drawMode":0,"name":"Shaded","section":"Shading Mode"},"sceneLighting":false,"audioPlay":false,"sceneViewState":{"m_AlwaysRefresh":false,"showFog":true,"showSkybox":false,"showFlares":true,"showImageEffects":true,"showParticleSystems":true,"showVisualEffectGraphs":true,"m_FxEnabled":true},"in2DMode":false,"pivot":{"x":11.210206985473633,"y":0.3177429437637329,"z":-10.618767738342286},"rotation":{"x":0.13375085592269898,"y":0.24058501422405244,"z":-0.03556336089968681,"w":0.9601261615753174},"size":0.7436134219169617,"orthographic":false}