{"cameraMode":{"drawMode":0,"name":"Shaded","section":"Shading Mode"},"sceneLighting":false,"audioPlay":false,"sceneViewState":{"m_AlwaysRefresh":false,"showFog":true,"showSkybox":false,"showFlares":true,"showImageEffects":true,"showParticleSystems":true,"showVisualEffectGraphs":true,"m_FxEnabled":true},"in2DMode":false,"pivot":{"x":-3.8715672492980959,"y":0.8349306583404541,"z":-10.12928581237793},"rotation":{"x":0.05568704009056091,"y":-0.4790891706943512,"z":0.028087375685572625,"w":0.8749227523803711},"size":1.2203247547149659,"orthographic":false}