{"cameraMode":{"drawMode":0,"name":"Shaded","section":"Shading Mode"},"sceneLighting":false,"audioPlay":false,"sceneViewState":{"m_AlwaysRefresh":false,"showFog":true,"showSkybox":false,"showFlares":true,"showImageEffects":true,"showParticleSystems":true,"showVisualEffectGraphs":true,"m_FxEnabled":true},"in2DMode":false,"pivot":{"x":-3.497411012649536,"y":1.5062930583953858,"z":-1.0825929641723633},"rotation":{"x":0.09584695100784302,"y":-0.6638405919075012,"z":0.08482474088668823,"w":0.7360768914222717},"size":0.9751232266426086,"orthographic":false}